"Task ID","Task Name","Recruiter - Timesheet Status (drop down)","BG Team Mate (drop down)","Week # (drop down)","Week ending Date (drop down)","Month_1 (drop down)","Doctor's Name (short text)","Site Name (short text)","time sheet Files (attachment)","Pay Exc Super (per unit) (currency)","Pay Inc Super (per unit) (currency)","Margin Per Unit (currency)","Charge Rate $ (currency)","Est Week Ending Units  (number)","Est Week Ending Margin (formula)","Actual Week Ending Units (number)","Doctor Payment Type (drop down)","Dr Travel Reimbursement (drop down)","Reimbursement Amount (currency)","Weekending Dr Expenses (attachment)","Start Locum  (date)","End Locum (date)"
"86d2fx4z4","402067 | ED Night In Charge + Goulburn Hospital 02-06-26 | Dr. Aamir Shakeel  | Timesheet | 12-07-2026 | Wk# 1","Pending","Tom Rhodes-Wilson","1","12/07/2026","July","Aamir Shakeel","Goulburn Base Hospital","",250,280,30,30,10,300,"","CLIENT PAYG","Yes","","","Tuesday, June 2nd 2026","Tuesday, December 22nd 2026"
"86d2g37aw","402079 | ED Senior + Broome Hospital ED 16-06-26 | Dr. Jennifer  Whateley   | Timesheet | 12-07-2026 | Wk# 1","Pending","Tom Rhodes-Wilson","1","12/07/2026","July","Jennifer  Whateley ","Broome Health Campus","",2100,2100,262.5,262.5,4,1050,"","CLIENT SOLE TRADER","No","","","Tuesday, June 16th 2026","Sunday, July 12th 2026"
"86d2qkky5","402241 | ED SMO + Kalgoorlie Hospital ED 19-07-26 | Dr. Nicholas Lelos  | Timesheet | 19-07-2026 | Wk# 2","Pending","Tom Rhodes-Wilson","2","19/07/2026","July","Nicholas Lelos","Kalgoorlie Health Campus (Kalgoorlie Hospital)","",2300,2300,287.5,287.5,1,287.5,"","CLIENT SOLE TRADER","No","","","Sunday, July 19th 2026","Saturday, July 25th 2026"
"86d2fx51t","402067 | ED Night In Charge + Goulburn Hospital 02-06-26 | Dr. Aamir Shakeel  | Timesheet | 26-07-2026 | Wk# 3","Pending","Tom Rhodes-Wilson","3","26/07/2026","July","Aamir Shakeel","Goulburn Base Hospital","",250,280,30,30,10,300,"","CLIENT PAYG","Yes","","","Tuesday, June 2nd 2026","Tuesday, December 22nd 2026"
"86d2qkm1c","402241 | ED SMO + Kalgoorlie Hospital ED 19-07-26 | Dr. Nicholas Lelos  | Timesheet | 26-07-2026 | Wk# 3","Pending","Tom Rhodes-Wilson","3","26/07/2026","July","Nicholas Lelos","Kalgoorlie Health Campus (Kalgoorlie Hospital)","",2300,2300,287.5,287.5,1,287.5,"","CLIENT SOLE TRADER","No","","","Sunday, July 19th 2026","Saturday, July 25th 2026"
"86d2fx540","402067 | ED Night In Charge + Goulburn Hospital 02-06-26 | Dr. Aamir Shakeel  | Timesheet | 09-08-2026 | Wk# 5","Pending","Tom Rhodes-Wilson","5","09/08/2026","August","Aamir Shakeel","Goulburn Base Hospital","",250,280,30,30,10,300,"","CLIENT PAYG","Yes","","","Tuesday, June 2nd 2026","Tuesday, December 22nd 2026"
"86d2kmgh6","402140 | ED Registrar + Shellharbour Hospital ED  07-08-26 | Dr. Nicholas Lelos  | Timesheet | 09-08-2026 | Wk# 5","Pending","Tom Rhodes-Wilson","5","09/08/2026","August","Nicholas Lelos","Shellharbour Hospital","",300,390.25,36,42,20,720,"","CLIENT PAYG","Needs Confirmation","","","Friday, August 7th 2026","Sunday, August 9th 2026"
"86d215rt6","401683 | ED Night in Charge + Goulburn Hospital 13-08-26 | Dr. Ahmed Elmosalamy  | Timesheet | 16-08-2026 | Wk# 6","Pending","Tom Rhodes-Wilson","6","16/08/2026","August","Ahmed Elmosalamy","Goulburn Base Hospital","",250,280,30,30,30,900,"","CLIENT PAYG","Yes","","","Thursday, August 13th 2026","Sunday, August 16th 2026"
"86d2kmhq8","402141 | ED Registrar + Shellharbour Hospital ED  12-08-26 | Dr. Nicholas Lelos  | Timesheet | 16-08-2026 | Wk# 6","Pending","Tom Rhodes-Wilson","6","16/08/2026","August","Nicholas Lelos","Shellharbour Hospital","",300,390.25,36,36,40,1440,"","CLIENT PAYG","Needs Confirmation","","","Wednesday, August 12th 2026","Sunday, August 16th 2026"
"86d2fx55m","402067 | ED Night In Charge + Goulburn Hospital 02-06-26 | Dr. Aamir Shakeel  | Timesheet | 23-08-2026 | Wk# 7","Pending","Tom Rhodes-Wilson","7","23/08/2026","August","Aamir Shakeel","Goulburn Base Hospital","",250,280,30,30,10,300,"","CLIENT PAYG","Yes","","","Tuesday, June 2nd 2026","Tuesday, December 22nd 2026"
"86d215rew","401684 | ED Night in Charge + Goulburn Hospital 10-09-26 | Dr. Ahmed Elmosalamy  | Timesheet | 13-09-2026 | Wk# 10","Pending","Tom Rhodes-Wilson","10","13/09/2026","September","Ahmed Elmosalamy","Goulburn Base Hospital","",250,280,30,30,30,900,"","CLIENT PAYG","Yes","","","Thursday, September 10th 2026","Sunday, September 13th 2026"
"86d215r8b","401685 | ED Night in Charge + Goulburn Hospital 29-09-26 | Dr. Ahmed Elmosalamy  | Timesheet | 04-10-2026 | Wk# 13","Pending","Tom Rhodes-Wilson","13","04/10/2026","October","Ahmed Elmosalamy","Goulburn Base Hospital","",250,280,30,30,10,300,"","CLIENT PAYG","Yes","","","Tuesday, September 29th 2026","Wednesday, September 30th 2026"
"86d215qe6","401686 | ED Night in Charge + Goulburn Hospital 08-10-26 | Dr. Ahmed Elmosalamy  | Timesheet | 11-10-2026 | Wk# 14","Pending","Tom Rhodes-Wilson","14","11/10/2026","October","Ahmed Elmosalamy","Goulburn Base Hospital","",250,280,30,30,30,900,"","CLIENT PAYG","Yes","","","Thursday, October 8th 2026","Sunday, October 11th 2026"
"86d2fx5an","402067 | ED Night In Charge + Goulburn Hospital 02-06-26 | Dr. Aamir Shakeel  | Timesheet | 18-10-2026 | Wk# 15","Pending","Tom Rhodes-Wilson","15","18/10/2026","October","Aamir Shakeel","Goulburn Base Hospital","",250,280,30,30,10,300,"","CLIENT PAYG","Yes","","","Tuesday, June 2nd 2026","Tuesday, December 22nd 2026"
"86d215q61","401687 | ED Night in Charge + Goulburn Hospital 22-10-26 | Dr. Ahmed Elmosalamy  | Timesheet | 25-10-2026 | Wk# 16","Pending","Tom Rhodes-Wilson","16","25/10/2026","October","Ahmed Elmosalamy","Goulburn Base Hospital","",250,280,30,30,30,900,"","CLIENT PAYG","Yes","","","Thursday, October 22nd 2026","Sunday, October 25th 2026"
"86d2fx5bq","402067 | ED Night In Charge + Goulburn Hospital 02-06-26 | Dr. Aamir Shakeel  | Timesheet | 01-11-2026 | Wk# 17","Pending","Tom Rhodes-Wilson","17","01/11/2026","November","Aamir Shakeel","Goulburn Base Hospital","",250,280,30,30,10,300,"","CLIENT PAYG","Yes","","","Tuesday, June 2nd 2026","Tuesday, December 22nd 2026"
"86d215pxa","401688 | ED Night in Charge + Goulburn Hospital 05-11-26 | Dr. Ahmed Elmosalamy  | Timesheet | 08-11-2026 | Wk# 18","Pending","Tom Rhodes-Wilson","18","08/11/2026","November","Ahmed Elmosalamy","Goulburn Base Hospital","",250,280,30,30,30,900,"","CLIENT PAYG","Yes","","","Thursday, November 5th 2026","Sunday, November 8th 2026"
"86d2fx5de","402067 | ED Night In Charge + Goulburn Hospital 02-06-26 | Dr. Aamir Shakeel  | Timesheet | 15-11-2026 | Wk# 19","Pending","Tom Rhodes-Wilson","19","15/11/2026","November","Aamir Shakeel","Goulburn Base Hospital","",250,280,30,30,10,300,"","CLIENT PAYG","Yes","","","Tuesday, June 2nd 2026","Tuesday, December 22nd 2026"
"86d215pkm","401689 | ED Night in Charge + Goulburn Hospital 19-11-26 | Dr. Ahmed Elmosalamy  | Timesheet | 22-11-2026 | Wk# 20","Pending","Tom Rhodes-Wilson","20","22/11/2026","November","Ahmed Elmosalamy","Goulburn Base Hospital","",250,280,30,30,30,900,"","CLIENT PAYG","Yes","","","Thursday, November 19th 2026","Sunday, November 22nd 2026"
"86d2fx5jp","402067 | ED Night In Charge + Goulburn Hospital 02-06-26 | Dr. Aamir Shakeel  | Timesheet | 13-12-2026 | Wk# 23","Pending","Tom Rhodes-Wilson","23","13/12/2026","December","Aamir Shakeel","Goulburn Base Hospital","",250,280,30,30,10,300,"","CLIENT PAYG","Yes","","","Tuesday, June 2nd 2026","Tuesday, December 22nd 2026"
"86d2fx5n5","402067 | ED Night In Charge + Goulburn Hospital 02-06-26 | Dr. Aamir Shakeel  | Timesheet | 27-12-2026 | Wk# 25","Pending","Tom Rhodes-Wilson","25","27/12/2026","December","Aamir Shakeel","Goulburn Base Hospital","",250,280,30,30,10,300,"","CLIENT PAYG","Yes","","","Tuesday, June 2nd 2026","Tuesday, December 22nd 2026"
"86d2jj8nt","402121 | Locum FACEM + Tamworth Base Hospital 26-04-26 | Dr. Elizabeth Gowen  | Timesheet | 26-04-2026 | Wk# 43","Pending","Tom Rhodes-Wilson","43","26/04/2026","April","Elizabeth Gowen","Tamworth Hospital","",3000,3360,360,360,1,360,"","CLIENT PAYG","No","","","Sunday, April 26th 2026","Monday, April 27th 2026"
"86d2kn8jc","402142 | ED REG John Flynn Private 25-04-26 | Dr. Ruta Zaliunaite  | Timesheet | 26-04-2026 | Wk# 43","Pending","Tom Rhodes-Wilson","43","26/04/2026","April","Ruta Zaliunaite","John Flynn Private Hospital","",241.07,270,47.25,340.07,8,378,"","BG PAYG","No","","","Saturday, April 25th 2026","Sunday, April 26th 2026"
"86d2mw5my","402162 | CMO IC + Manning Hospital - 23-04-26 | Dr. Aaron Ray  | Timesheet | 26-04-2026 | Wk# 43","Pending","Tom Rhodes-Wilson","43","26/04/2026","April","Aaron Ray","Manning Hospital","",220,246.4,22,22,20,440,"","CLIENT PAYG","Yes","","","Thursday, April 23rd 2026","Friday, April 24th 2026"
"86d2n86r6","402169 | ED Senior in Charge + Hawkesbury Hospital 19-04-26 | Dr. Emefa Kporku  | Timesheet | 26-04-2026 | Wk# 43","Pending","Tom Rhodes-Wilson","43","26/04/2026","April","Emefa Kporku","Hawkesbury Hospital","",220,246.4,26.4,26.4,10,264,"","CLIENT PAYG","No","","","Sunday, April 19th 2026","Monday, April 20th 2026"
"86d215m9v","401682 | ED Night in Charge + Goulburn Hospital 29-04-26 | Dr. Ahmed Elmosalamy  | Timesheet | 03-05-2026 | Wk# 44","Pending","Tom Rhodes-Wilson","44","03/05/2026","May","Ahmed Elmosalamy","Goulburn Base Hospital","",250,280,30,30,20,600,"","CLIENT PAYG","Yes","","","Wednesday, April 29th 2026","Thursday, April 30th 2026"
"86d2afvjn","401899 | ED Reg + Kununurra Hospital ED 27-04-26 | Dr. Oliver Evans  | Timesheet | 03-05-2026 | Wk# 44","Pending","Tom Rhodes-Wilson","44","03/05/2026","May","Oliver Evans","Kununurra Hospital","",2100,2100,262.5,262.5,5,1312.5,"","CLIENT SOLE TRADER","No","","","Monday, April 27th 2026","Sunday, May 10th 2026"
"86d2jj8pz","402121 | Locum FACEM + Tamworth Base Hospital 26-04-26 | Dr. Elizabeth Gowen  | Timesheet | 03-05-2026 | Wk# 44","Pending","Tom Rhodes-Wilson","44","03/05/2026","May","Elizabeth Gowen","Tamworth Hospital","",3000,3360,360,360,1,360,"","CLIENT PAYG","No","","","Sunday, April 26th 2026","Monday, April 27th 2026"
"86d2qyrvm","402244 | ED Night IC + Calvary Mater + Ruta Zaliunaite 01-05-26 | Dr. Ruta Zaliunaite  | Timesheet | 03-05-2026 | Wk# 44","Pending","Tom Rhodes-Wilson","44","03/05/2026","May","Ruta Zaliunaite","Calvary Mater Newcastle Hospital","",250,280,30,30,30,900,"","CLIENT PAYG","No","","","Friday, May 1st 2026","Monday, May 4th 2026"
"86d2afvku","401899 | ED Reg + Kununurra Hospital ED 27-04-26 | Dr. Oliver Evans  | Timesheet | 10-05-2026 | Wk# 45","Pending","Tom Rhodes-Wilson","45","10/05/2026","May","Oliver Evans","Kununurra Hospital","",2100,2100,262.5,262.5,5,1312.5,"","CLIENT SOLE TRADER","No","","","Monday, April 27th 2026","Sunday, May 10th 2026"
"86d2ba45f","401908 | ED CMO Non IC Fast Track + Manning Hospital 08-05-26 | Dr. Aaron Ray  | Timesheet | 10-05-2026 | Wk# 45","Pending","Tom Rhodes-Wilson","45","10/05/2026","May","Aaron Ray","Manning Hospital","",180,201.6,18,18,10,180,"","CLIENT PAYG","Yes","","","Friday, May 8th 2026","Friday, May 8th 2026"
"86d2ctu60","401968 | ED Reg - Batemans Bay & Moruya Hospital  06-01-26 | Dr. Matthew Green  | Timesheet | 10-05-2026 | Wk# 45","Pending","Tom Rhodes-Wilson","45","10/05/2026","May","Matthew Green","Batemans Bay","","",200,26,26,20,520,"","CLIENT PAYG","No","","","Saturday, May 9th 2026","Sunday, May 31st 2026"
"86d27nqa6","401829 | Senior Medical Practitioner in ED + Gerladton Hospital 01-05-26 | Dr. Oliver Evans  | Timesheet | 17-05-2026 | Wk# 46","Pending","Tom Rhodes-Wilson","46","17/05/2026","May","Oliver Evans","Geraldton Regional Hospital","","",2200,275,275,1,275,"","CLIENT SOLE TRADER","No","","","Friday, May 1st 2026","Thursday, May 14th 2026"
"86d289rzh","401850 | ED Registrar + Alice Springs Hospital 15-05-26 | Dr. Jennifer  Whateley   | Timesheet | 17-05-2026 | Wk# 46","Pending","Tom Rhodes-Wilson","46","17/05/2026","May","Jennifer  Whateley ","Alice Springs Hospital","",160.71,180,28,28,19,532,"","BG PAYG","No","","","Friday, May 15th 2026","Thursday, June 11th 2026"
"86d2ba4ny","401909 | ED CMO Non IC Fast Track + Manning Hospital 12-05-26 | Dr. Aaron Ray  | Timesheet | 17-05-2026 | Wk# 46","Pending","Tom Rhodes-Wilson","46","17/05/2026","May","Aaron Ray","Manning Hospital","",180,201.6,18,18,10,180,"","CLIENT PAYG","No","","","Tuesday, May 12th 2026","Tuesday, May 12th 2026"
"86d2ba5tq","401910 | ED CMO Non IC Fast Track + Manning Hospital 15-05-26 | Dr. Aaron Ray  | Timesheet | 17-05-2026 | Wk# 46","Pending","Tom Rhodes-Wilson","46","17/05/2026","May","Aaron Ray","Manning Hospital","",180,201.6,18,18,10,180,"","CLIENT PAYG","Yes","","","Friday, May 15th 2026","Friday, May 15th 2026"
"86d2ctu6f","401968 | ED Reg - Batemans Bay & Moruya Hospital  06-01-26 | Dr. Matthew Green  | Timesheet | 17-05-2026 | Wk# 46","Pending","Tom Rhodes-Wilson","46","17/05/2026","May","Matthew Green","Batemans Bay","","",200,26,26,60,1560,"","CLIENT PAYG","No","","","Saturday, May 9th 2026","Sunday, May 31st 2026"
"86d2mjr60","402158 | ED Night IC + Calvary Mater + Alec Crossley 11-05-26 | Dr. Alec Crossley  | Timesheet | 17-05-2026 | Wk# 46","Pending","Tom Rhodes-Wilson","46","17/05/2026","May","Alec Crossley","Calvary Mater Newcastle Hospital","",250,280,30,30,50,1500,"","CLIENT PAYG","No","","","Monday, May 11th 2026","Saturday, May 16th 2026"
"86d289t1x","401850 | ED Registrar + Alice Springs Hospital 15-05-26 | Dr. Jennifer  Whateley   | Timesheet | 24-05-2026 | Wk# 47","Pending","Tom Rhodes-Wilson","47","24/05/2026","May","Jennifer  Whateley ","Alice Springs Hospital","",160.71,180,28,28,38,1064,"","BG PAYG","No","","","Friday, May 15th 2026","Thursday, June 11th 2026"
"86d2ba6u8","401911 | ED CMO Non IC Fast Track + Manning Hospital 19-05-26 | Dr. Aaron Ray  | Timesheet | 24-05-2026 | Wk# 47","Pending","Tom Rhodes-Wilson","47","24/05/2026","May","Aaron Ray","Manning Hospital","",180,201.6,18,18,10,180,"","CLIENT PAYG","Yes","","","Tuesday, May 19th 2026","Tuesday, May 19th 2026"
"86d2ctu73","401968 | ED Reg - Batemans Bay & Moruya Hospital  06-01-26 | Dr. Matthew Green  | Timesheet | 24-05-2026 | Wk# 47","Pending","Tom Rhodes-Wilson","47","24/05/2026","May","Matthew Green","Batemans Bay","","",200,26,26,30,780,"","CLIENT PAYG","No","","","Saturday, May 9th 2026","Sunday, May 31st 2026"
"86d1v7n8u","401562 | GP ED Kalgoorlie Health Campus 17-11-25 | Dr. Paul Spedding  | Timesheet | 31-05-2026 | Wk# 48","Pending","Tom Rhodes-Wilson","48","31/05/2026","May","Paul Spedding","Kalgoorlie Health Campus (Kalgoorlie Hospital)","",0,2600,325,325,4,1300,"","CLIENT SOLE TRADER","No","","","Tuesday, May 26th 2026","Friday, May 29th 2026"
"86d289t3h","401850 | ED Registrar + Alice Springs Hospital 15-05-26 | Dr. Jennifer  Whateley   | Timesheet | 31-05-2026 | Wk# 48","Pending","Tom Rhodes-Wilson","48","31/05/2026","May","Jennifer  Whateley ","Alice Springs Hospital","",160.71,180,28,28,38,1064,"","BG PAYG","No","","","Friday, May 15th 2026","Thursday, June 11th 2026"
"86d2ba804","401912 | ED CMO Non IC Fast Track + Manning Hospital 29-05-26 | Dr. Aaron Ray  | Timesheet | 31-05-2026 | Wk# 48","Pending","Tom Rhodes-Wilson","48","31/05/2026","May","Aaron Ray","Manning Hospital","",180,201.6,18,18,20,360,"","CLIENT PAYG","Yes","","","Friday, May 29th 2026","Saturday, May 30th 2026"
"86d2ctu88","401968 | ED Reg - Batemans Bay & Moruya Hospital  06-01-26 | Dr. Matthew Green  | Timesheet | 31-05-2026 | Wk# 48","Pending","Tom Rhodes-Wilson","48","31/05/2026","May","Matthew Green","Batemans Bay","","",200,26,26,40,1040,"","CLIENT PAYG","No","","","Saturday, May 9th 2026","Sunday, May 31st 2026"
"86d289t4v","401850 | ED Registrar + Alice Springs Hospital 15-05-26 | Dr. Jennifer  Whateley   | Timesheet | 07-06-2026 | Wk# 49","Pending","Tom Rhodes-Wilson","49","07/06/2026","June","Jennifer  Whateley ","Alice Springs Hospital","",160.71,180,28,28,38,1064,"","BG PAYG","No","","","Friday, May 15th 2026","Thursday, June 11th 2026"
"86d2fx4vw","402067 | ED Night In Charge + Goulburn Hospital 02-06-26 | Dr. Aamir Shakeel  | Timesheet | 07-06-2026 | Wk# 49","Pending","Tom Rhodes-Wilson","49","07/06/2026","June","Aamir Shakeel","Goulburn Base Hospital","",250,280,30,30,10,300,"","CLIENT PAYG","Yes","","","Tuesday, June 2nd 2026","Tuesday, December 22nd 2026"
"86d2jf47g","402117 | ED Reg + Kununurra Hospital ED 01-06-26 | Dr. Oliver Evans  | Timesheet | 07-06-2026 | Wk# 49","Pending","Tom Rhodes-Wilson","49","07/06/2026","June","Oliver Evans","Kununurra Hospital","",2100,2100,262.5,262.5,4,1050,"","CLIENT SOLE TRADER","No","","","Monday, June 1st 2026","Thursday, June 11th 2026"
"86d289t62","401850 | ED Registrar + Alice Springs Hospital 15-05-26 | Dr. Jennifer  Whateley   | Timesheet | 14-06-2026 | Wk# 50","Pending","Tom Rhodes-Wilson","50","14/06/2026","June","Jennifer  Whateley ","Alice Springs Hospital","",160.71,180,28,28,28.5,798,"","BG PAYG","No","","","Friday, May 15th 2026","Thursday, June 11th 2026"
"86d2jf49f","402117 | ED Reg + Kununurra Hospital ED 01-06-26 | Dr. Oliver Evans  | Timesheet | 14-06-2026 | Wk# 50","Pending","Tom Rhodes-Wilson","50","14/06/2026","June","Oliver Evans","Kununurra Hospital","",2100,2100,262.5,262.5,4,1050,"","CLIENT SOLE TRADER","No","","","Monday, June 1st 2026","Thursday, June 11th 2026"
"86d2kqz17","402154 | ED SMO - Esperance Hospital 08-06-26 | Dr. Ruta Zaliunaite  | Timesheet | 14-06-2026 | Wk# 50","Pending","Tom Rhodes-Wilson","50","14/06/2026","June","Ruta Zaliunaite","Esperance Health Campus (Esperance Hospital)","",0,230,28.75,28.75,48,1380,"","CLIENT SOLE TRADER","No","","","Monday, June 8th 2026","Sunday, June 14th 2026"
"86d2fx4xc","402067 | ED Night In Charge + Goulburn Hospital 02-06-26 | Dr. Aamir Shakeel  | Timesheet | 21-06-2026 | Wk# 51","Pending","Tom Rhodes-Wilson","51","21/06/2026","June","Aamir Shakeel","Goulburn Base Hospital","",250,280,30,30,10,300,"","CLIENT PAYG","Yes","","","Tuesday, June 2nd 2026","Tuesday, December 22nd 2026"
"86d2g3744","402079 | ED Senior + Broome Hospital ED 16-06-26 | Dr. Jennifer  Whateley   | Timesheet | 21-06-2026 | Wk# 51","Pending","Tom Rhodes-Wilson","51","21/06/2026","June","Jennifer  Whateley ","Broome Health Campus","",2100,2100,262.5,262.5,4,1050,"","CLIENT SOLE TRADER","No","","","Tuesday, June 16th 2026","Sunday, July 12th 2026"
"86d2jfb6g","402118 | ED Reg + Kununurra Hospital ED 16-06-26 | Dr. Oliver Evans  | Timesheet | 21-06-2026 | Wk# 51","Pending","Tom Rhodes-Wilson","51","21/06/2026","June","Oliver Evans","Kununurra Hospital","",2100,2100,262.5,262.5,5,1312.5,"","CLIENT SOLE TRADER","No","","","Tuesday, June 16th 2026","Sunday, June 21st 2026"
"86d2kmeyb","402139 | ED Registrar + Shellharbour Hospital ED  17-06-26 | Dr. Nicholas Lelos  | Timesheet | 21-06-2026 | Wk# 51","Pending","Tom Rhodes-Wilson","51","21/06/2026","June","Nicholas Lelos","Shellharbour Hospital","",300,336,42,36,30,1260,"","CLIENT PAYG","Needs Confirmation","","","Wednesday, June 17th 2026","Saturday, June 20th 2026"
"86d23ghkc","401721 | GP ED Kalgoorlie Health Campus 17-11-25 | Dr. Paul Spedding  | Timesheet | 28-06-2026 | Wk# 52","Pending","Tom Rhodes-Wilson","52","28/06/2026","June","Paul Spedding","Kalgoorlie Health Campus (Kalgoorlie Hospital)","",0,2600,325,325,4,1300,"","CLIENT SOLE TRADER","No","","","Monday, June 22nd 2026","Thursday, June 25th 2026"
"86d2g376c","402079 | ED Senior + Broome Hospital ED 16-06-26 | Dr. Jennifer  Whateley   | Timesheet | 28-06-2026 | Wk# 52","Pending","Tom Rhodes-Wilson","52","28/06/2026","June","Jennifer  Whateley ","Broome Health Campus","",2100,2100,262.5,262.5,4,1050,"","CLIENT SOLE TRADER","No","","","Tuesday, June 16th 2026","Sunday, July 12th 2026"
"86d2fx4y4","402067 | ED Night In Charge + Goulburn Hospital 02-06-26 | Dr. Aamir Shakeel  | Timesheet | 05-07-2026 | Wk# 53","Pending","Tom Rhodes-Wilson","53","05/07/2026","July","Aamir Shakeel","Goulburn Base Hospital","",250,280,30,30,10,300,"","CLIENT PAYG","Yes","","","Tuesday, June 2nd 2026","Tuesday, December 22nd 2026"
"86d2g378v","402079 | ED Senior + Broome Hospital ED 16-06-26 | Dr. Jennifer  Whateley   | Timesheet | 05-07-2026 | Wk# 53","Pending","Tom Rhodes-Wilson","53","05/07/2026","July","Jennifer  Whateley ","Broome Health Campus","",2100,2100,262.5,262.5,4,1050,"","CLIENT SOLE TRADER","No","","","Tuesday, June 16th 2026","Sunday, July 12th 2026"